BAT 212 First-Year Double BAT 403 Single 
Pre-Halled Student Leader Room BAT 213 Single BAT 404 Upperclass DoubleBAT 215 Single BAT 101 Single 
Pre-Halled Student Leader Room BAT 405 SingleBAT 102 First-Year Double BAT 216 First-Year Double BAT 406 Upperclass DoubleBAT 103 Single BAT 217 Single BAT 407 SingleBAT 104 First-Year Double BAT 218 First-Year Double BAT 408 Upperclass DoubleBAT 105 Single BAT 219 Single BAT 409 SingleBAT 106 First-Year Double BAT 220 First-Year Double BAT 410 Upperclass DoubleBAT 107 Single BAT 221 Single BAT 411 Res Staff BAT 108 First-Year Double BAT 222 First-Year Double BAT 412 Upperclass DoubleBAT 109 Single BAT 301 Single BAT 413 SingleBAT 110 First-Year Double BAT 302 Upperclass Double BAT 415 SingleBAT 111 Res Staff Pre-Halled Student Leader Room BAT 303 SingleBAT 112 First-Year Double BAT 416 Upperclass DoubleBAT 304 Upperclass Double Pre-Halled Student Leader Room BAT 113 Single BAT 305 Single BAT 417 SingleBAT 115 Single BAT 306 Upperclass DoublePre-Halled Student Leader Room BAT 418 Upperclass Double
BAT 307 Single BAT 116 First-Year Double BAT 419 Single
BAT 308 Upperclass Double BAT 117 Single BAT 420 Upperclass Double
BAT 309 Single BAT 118 First-Year Double BAT 421 Single
BAT 310 Upperclass Double BAT 119 Single BAT 422 Upperclass Double
BAT 311 Res Staff Pre-Halled Student Leader Room BAT 120 First-Year Double 
BAT 312 Upperclass Double BAT 501 SingleBAT 121 Single 
BAT 313 Single BAT 502 SingleBAT 122 First-Year Double 
BAT 315 Single BAT 503 SingleBAT 201 Single 
Pre-Halled Student Leader Room House President Room BAT 504 Single
BAT 316 Upperclass Double
 BAT 202 First-Year Double BAT 505 SinglePre-Halled Student Leader Room BAT 203 Single BAT 317 SingleBAT 204 First-Year Double BAT 318 Upperclass DoubleBAT 205 Single DAVIS BAT 319 SingleBAT 206 First-Year Double BAT 320 Upperclass Double DAV 057 Res Staff 
BAT 207 Single BAT 321 Single DAV 058 First-Year Triple 
BAT 208 First-Year Double BAT 322 Upperclass Double DAV 059 First-Year Triple 
BAT 209 Single Pre-Halled Student Leader Room DAV 060 First-Year Triple 
BAT 210 First-Year Double BAT 401 Single DAV 061 First-Year Triple 
BAT 211 Res Staff BAT 402 Upperclass Double DAV 062 First-Year Triple 		

DAV 135	 Single DAV 263 Single DAV 422 Upperclass Double 
Pre-Halled Student Leader Room DAV 137	 Upperclass Double DAV 424 Upperclass DoubleDAV 264	 SingleDAV 138	 First-Year Double DAV 425 Upperclass DoubleDAV 265	 SingleDAV 139	 Triple DAV 426 Upperclass DoubleDAV 266	 SingleDAV 142	 Single DAV 427 Res Staff DAV 267	 SingleDAV 143	 Upperclass Double DAV 428 Upperclass Double 
Pre-Halled Student Leader Room DAV 269 Single DAV 430	 SingleDAV 145 First-Year Double DAV 270 Single 
DAV 146 Res Staff DAV 271 First-Year Triple 
DAV 147 First-Year Double DAV 272 First-Year Triple  
DAV 148 First-Year Double DAV 334 Upperclass Double DOW 101	 Upperclass DoubleDAV 150	 First-Year Double DAV 336 Single Pre-Halled Language House 
DAV 151	 Single DAV 337 Upperclass Double DOW 103 Upperclass Double
DAV 152 First-Year Double DAV 338 Single Pre-Halled Language House 
DAV 153	 First-Year Triple DAV 339 Single DOW 104 Res Staff 
Pre-Halled Language House DAV 154	 First-Year Triple DAV 340 Single DOW 105	 Upperclass DoubleDAV 242	 Upperclass Double DAV 342 Single Pre-Halled Language House 
DAV 243	 Upperclass Double DAV 343 Single DOW 107 Upperclass Double
Pre-Halled Student Leader Room DAV 344	 Single Pre-Halled Language House 
DAV 244 Single DAV 345 Single DOW 109 First-Year Triple 
DAV 245 Single Pre-Halled Language House DAV 346	 SingleDAV 246 Single DOW 110 First-Year Triple DAV 347 Single Pre-Halled Language House DAV 247	 Single DAV 348 Upperclass Double DOW 201 Upperclass DoubleDAV 249 Single Pre-Halled Language House DAV 349 Res Staff DAV 250 Single DOW 202 First-Year Triple DAV 350	 Single Pre-Halled Language House DAV 251	 Upperclass Double DAV 351 Upperclass Double DOW 203	 Upperclass DoubleDAV 252	 Single DAV 353 Upperclass Double Pre-Halled Language House DAV 253 Single DAV 354 Single DOW 204 Upperclass DoubleDAV 254 Single Pre-Halled Language House DAV 355	 Upperclass DoubleDAV 255	 Upperclass Double DOW 205 Upperclass DoubleDAV 356 Upperclass DoublePre-Halled Student Leader Room	 Pre-Halled Language House 
DAV 359	 SingleDAV 256	 Single DOW 206 Upperclass DoubleHouse President Room Pre-Halled Language House DAV 257	 Single DAV 362	 Single DOW 207	 Upperclass DoubleDAV 259	 First-Year Double DAV 363 Single Pre-Halled Language House DAV 260 First-Year Double DAV 418 Single DOW 208 Upperclass Double
DAV 261 First-Year Double Pre-Halled Language House DAV 420	 Upperclass DoubleDAV 262	 Res Staff 

FRE 206 First-Year Double FRE 320 Upperclass Double 
DOW 209 First-Year Triple FRE 207 Single FRE 321 Single 
DOW 210 
DOW 211 Pre-Halled Language House 
Upperclass Double 
Pre-Halled Language House 
First-Year Triple 
Pre-Halled Language House FRE 208 
FRE 209 
FRE 210 FRE 211 First-Year Double 
Single 
First-Year Double 
Res Staff FRE 322 FRE 401 
FRE 402 FRE 403 Upperclass Double Single 
Upperclass Double Single 
DOW 212 3 Room Triple FRE 212 First-Year Double FRE 404 Upperclass Double 
DOW APT 
FRE 101 
FRE 102 
FRE 103 
FRE 104 FRE 105 
FRE 106 FRE 107 
FRE 108 
FRE 110 FRE 111 
FRE 112 
FRE 113 
FRE 115 
FRE 116 FRE 117 
FRE 118 FRE 119 
FRE 120 FRE 121 
FRE 122 FRE 201 Pre-Halled Language House 
4-Person Apartment 
Pre-Halled Language House 
Single 
First-Year Double 
Single 
First-Year Double 
Single 
First-Year Double 
Single 
First-Year Double 
First-Year Double 
Res Staff 
First-Year Double 
Single 
Single 
Pre-Halled Student Leader Room 
First-Year Double 
Single 
First-Year Double 
Single 
First-Year Double 
Single 
First-Year Double 
Single 
House President Room FRE 213 
FRE 215 
FRE 216 
FRE 217 
FRE 218 FRE 219 
FRE 220 FRE 221 
FRE 222 
FRE 301 
FRE 302 FRE 303 
FRE 304 FRE 305 
FRE 306 FRE 307 
FRE 308 
FRE 309 
FRE 310 FRE 311 
FRE 312 
FRE 313 
FRE 315 Single 
Single 
Pre-Halled Student Leader Room 
First-Year Double 
Single 
First-Year Double 
Single 
First-Year Double 
Single 
First-Year Double 
Single 
Upperclass Double 
Single 
Upperclass Double 
Single 
Upperclass Double 
Single 
Upperclass Double 
Single 
Upperclass Double Res Staff 
Upperclass Double 
Single 
Single 
Pre-Halled Student Leader Room FRE 405 
FRE 406 
FRE 407 
FRE 408 FRE 409 
FRE 410 FRE 411 
FRE 412 
FRE 413 
FRE 415 
FRE 416 
FRE 417 
FRE 418 
FRE 419 
FRE 420 
FRE 421 
FRE 422 FRE 501 
FRE 502 
FRE 503 
FRE 504 
FRE 505 Single 
Upperclass Double 
Single 
Upperclass Double Single 
Upperclass Double Res Staff 
Upperclass Double 
Pre-Halled Student Leader Room 
Single 
Single 
Pre-Halled Student Leader Room 
Upperclass Double 
Single 
Upperclass Double Single 
Upperclass Double 
Single 
Upperclass Double Single 
Single 
Single 
Single 
Single 
FRE 202 
FRE 203 
FRE 204 FRE 205 First-Year Double 
Single 
First-Year Double 
Single FRE 316 
FRE 317 
FRE 318 
FRE 319 Upperclass Double Single 
Upperclass Double Single 
HEM A 3-Person Apartment 
HEM B 3-Person Apartment  	 	

HEM C 4-Person Apartment MCA 212 Single MCA 320 Single 
MCA 101 Two Room Double MCA 213 Upperclass Double MCA 321 First-Year Double  
MCA 102 Two Room Double MCA 214 
MCA 216 
MCA 218 Pre-Halled Student Leader Room 
Single 
Res Staff Single 
Pre-Halled Student Leader Room MCA 322 
MCA 323 MCA 324 
MCA 325 Single 
First-Year Double 
Single 
First-Year Double 
MCA 103 
MCA 104 Two Room Double Two Room Double MCA 219 Upperclass Double 
Pre-Halled Student Leader Room MCA 326 
MCA 328 Single 
Single 
MCA 105 
MCA 106 
MCA 107 
MCA 108 
MCA 109 MCA 110 
MCA 111 
MCA 112 
MCA 113 MCA 114 
MCA 116 Upperclass Double 
Upperclass Double 
Upperclass Double 
Single 
Upperclass Double Single 
Upperclass Double 
Single 
Upperclass Double Single 
Res Staff MCA 220 
MCA 221 MCA 222 
MCA 223 MCA 224 
MCA 225 MCA 226 
MCA 228 
MCA 230 
MCA 301 Single 
Upperclass Double Single 
Upperclass Double Single 
Upperclass Double Single 
House President Room 
Single 
Single 
Pre-Halled Student Leader Room 
Two Room Double MCA 330 
MCA 401 MCA 402 
MCA 403 
MCA 404 
MCA 405 
MCA 406 
MCA 407 
MCA 408 
MCA 409 
MCA 410 Single 
Two Room Double 
Two Room Double 
Two Room Double 
Two Room Double 
First-Year Double 
First-Year Double 
First-Year Double 
Single 
First-Year Double 
Single 
MCA 118 Single 
Pre-Halled Student Leader Room MCA 302 
MCA 303 Two Room Double Two Room Double MCA 411 
MCA 412 First-Year Double 
Single 
MCA 120 Single MCA 304 Two Room Double MCA 413 First-Year Double 
MCA 121 Upperclass Double MCA 305 First-Year Double MCA 414 Single 
MCA 122 Upperclass Double MCA 306 First-Year Double MCA 416 Res Staff 
MCA 201 Two Room Double MCA 307 First-Year Double MCA 418 Single 
MCA 202 MCA 203 Two Room Double Two Room Double MCA 308 
MCA 309 Single 
First-Year Double MCA 419 
MCA 420 First-Year Double 
Single 
MCA 204 
MCA 205 
MCA 206 
MCA 207 
MCA 208 
MCA 209 MCA 210 
MCA 211 Two Room Double Upperclass Double 
Pre-Halled Student Leader Room 
Upperclass Double 
Upperclass Double 
Single 
Upperclass Double Single 
Upperclass Double MCA 310 
MCA 311 
MCA 312 
MCA 313 MCA 314 
MCA 316 
MCA 318 
MCA 319 Single 
First-Year Double 
Single 
First-Year Double 
Single 
Res Staff Single 
First-Year Double MCA 421 
MCA 422 
MCA 423 MCA 424 
MCA 425 
MCA 426 
MCA 428 
MCA 430 
MCA 502 First-Year Double 
Single 
First-Year Double 
Single 
First-Year Double 
Single 
Single 
Single 
Triple  	
MCA RDAPT 4-Person Apartment STO 212 Single STO 319 Single 
STO 213 Res Staff STO 320 Single 
STO 214 Single	 STO 321 Single 
Pre-Halled Student Leader Room STO 322 Single STO 215 First-Year Double STO 323 Single ORC 100 3-Person Apartment STO 218 First-Year Double STO 324 Single ORC 200 3-Person Apartment STO 219 First-Year Double STO 326 SingleSTO 220 Single STO 327 SingleSTO 221 Single	 STO 328 SingleSTO 222 Upperclass Double STO 330 Upperclass DoubleSTO 002 First-Year Triple Pre-Halled Student Leader Room STO 402 SingleSTO 003 First-Year Triple	 STO 223 Single 
STO 404 Upperclass DoubleSTO 224 Single STO 004 First-Year Triple STO 405 SingleSTO 005 First-Year Triple	 STO 225 Single 
STO 406 SingleSTO 226 Upperclass Double STO 008 First-Year Triple STO 407 Res Staff STO 009 Res Staff	 STO 227 Single 
STO 408 Upperclass DoubleSTO 101 First-Year Triple	 STO 228 Res Staff 
STO 410 SingleSTO 230 Single STO 102 First-Year Triple STO 411 SingleSTO 105 First-Year Double	 STO 231 Single 
STO 412 Upperclass DoubleSTO 232 Single STO 106 Single STO 413 SingleSTO 108 First-Year Double	 STO 233 Single 
STO 414 SingleSTO 234 Single STO 109 First-Year Double STO 415 SingleSTO 110 Single	 STO 236 Upperclass Double 
STO 302 Single STO 111 Res Staff 
STO 303 Single STO 113 Upperclass Double 
STO 114 First-Year Double STO 305 Single 
House President Room STO 115 Single STO 308 Upperclass DoublePre-Halled Student Leader Room 
STO 118 Triple	 STO 309 Upperclass Double 
STO 310 Single STO 201 First-Year Triple 
STO 202 First-Year Triple	 STO 311 Upperclass Double 
STO 313 Upperclass Double STO 206 Single 
STO 314 Single STO 207 First-Year Double 
STO 208 Single	 STO 315 Res Staff 
STO 316 Upperclass Double STO 209 Single 
STO 211 Single	 STO 317 Single 
STO 318 Single 
 
 BEB 217 First-Year Double BEB 323 Single BEB 218 First-Year Double BEB 325 Upperclass Double 
BEB 001 
BEB 002 
BEB 003 
BEB 004 
BEB 005 
BEB 006 
BEB 007 
BEB 103 BEB 105 
BEB 106 
BEB 107 
BEB 109 
BEB 110 
BEB 111 
BEB 112 
BEB 113 
BEB 115 
BEB 200 
BEB 201 
BEB 202 
BEB 204 
BEB 205 Single 
Single 
Single 
Single 
Single 
Single 
Single 
First-Year Double 
Upperclass Double 
Res Staff 
First-Year Double 
Upperclass Double Upperclass Double 
Upperclass Double 
First-Year Double 
First-Year Double 
Upperclass Double 
Triple 
Triple 
Upperclass Double 
Upperclass Double 
Single 
Pre-Halled Student Leader Room BEB 219 BEB 220 
BEB 221 
BEB 223 
BEB 224 
BEB 225 
BEB 226 
BEB 227 
BEB 228 
BEB 229 
BEB 231 
BEB 300 
BEB 301 
BEB 302 
BEB 303 
BEB 304 
BEB 306 
BEB 307 
BEB 308 
BEB 309 
BEB 310 
BEB 311 First-Year Double 
Upperclass Double 
Upperclass Double 
Upperclass Double 
Single 
Single 
Single 
Single 
Single 
Single 
Single 
Single 
Single 
Single 
Single 
Single 
Pre-Halled Student Leader Room 
First-Year Double 
Single 
Single 
Upperclass Double First-Year Double 
Upperclass Double BEB 400 
BEB 401 
BEB 402 
BEB 403 
BEB 404 
BEB 406 
BEB 407 
BEB 408 
BEB 409 
BEB 410 
BEB 411 
BEB 412 
BEB 413 
BEB 414 
BEB 415 
BEB 416 
BEB 417 
BEB 419 
BEB 420 
BEB 421 
BEB 422 
BEB 423 Single 
House President Room 
Single 
Single 
Single 
Single 
Single 
Single 
Single 
Single 
Single 
Single 
Res Staff Single 
Single 
Single 
Single 
Single 
Single 
Single 
Single 
Single 
Single 
BEB 206 
BEB 207 Upperclass Double First-Year Double BEB 312 BEB 313 Res Staff Upperclass Double BEB 425 
BEB 500 Single 
Single 
BEB 208 First-Year Double BEB 314 First-Year Double BEB 501 Single 
BEB 209 First-Year Double BEB 315 First-Year Double BEB 502 Single 
BEB 210 Res Staff BEB 316 Single BEB 503 Single 
BEB 211 First-Year Double BEB 317 First-Year Double BEB 504 Single 
BEB 212 Single 
Pre-Halled Student Leader Room BEB 319 
BEB 320 First-Year Double 
Single BEB RDAPT 4-Person Apartment 
BEB 213 
BEB 214 Single 
First-Year Double BEB 321 Pre-Halled Student Leader Room 
Upperclass Double 
BEB 215 First-Year Double BEB 322 Upperclass Double 
	 		
	  
	 			 		
	 		
	 			 		
	 		
	 	 	
	 	 	
	 	 	
	 			 	 	
	 		
     
	 	 	
	 	 	
	 	 	
	 	 	
	 	 	
	 	 	
	 	 	
	 	 	
	 	 	
	 	 	
	 	 	
	 	 	
	 	 	
	 	 	
	 	 	
	 	 	
	 	 	
	 	 	
	 	 		 	 	
	 	 	
	 	 	
	 	 	
	 	 	
	 	 	
	 		
     
	 			 		
	 		
     
	 	 	
	 	 	
	 	 	
	 	 	
	 	 	
	 	 	
	 		
	 	 	
	 			 	 	
     
	 			 			 		
	 	 	
	 		
     
	 	 	
	 	 	
	 		
	 			 		
	 		
	 	 	
	 			 	 	
	 	 	
	 			 	 	
	 			 		
	 	 	
	 	 	
     
	 		
    
	 		
	 		
	 		
	 		
	 		
	 			 	 	
	 	 	
	 	 	
	 			 		
	 	 	
	 		
	 	 	
	 	 	
	 		
	 	 	
	 	 	
	 		
	 	 	
	 		
	 	 	
	 			 		
	 		CAZ 215 First-Year Double CAZ 331 2 Room Double CAZENOVE CAZ 216 First-Year Double CAZ 332 Upperclass Double 
CAZ 001 Single 
CAZ 002 Single 
CAZ 004 Single 
CAZ 005 Single 
CAZ 006 Single 
CAZ 007 Single 
CAZ 008 Single 
CAZ 009 Single 
CAZ 101 First-Year Double 
CAZ 102 Res Staff 
CAZ 103 First-Year Double 
CAZ 104 Single 
CAZ 105 First-Year Double 
CAZ 106 Single 
Pre-Halled Student Leader Room 
CAZ 107 First-Year Double 
CAZ 109 First-Year Double 
CAZ 110 First-Year Double 
CAZ 111 First-Year Double 
CAZ 112 First-Year Double 
CAZ 113 First-Year Double 
CAZ 115 First-Year Double 
CAZ 201 First-Year Double 
CAZ 203 First-Year Double 
CAZ 204 First-Year Double 
CAZ 205 First-Year Double 
CAZ 206 First-Year Double 
CAZ 207 First-Year Double 
CAZ 208 Res Staff 
CAZ 209 First-Year Double 
CAZ 210 First-Year Double 
CAZ 211 First-Year Double 
CAZ 213 First-Year Double 
CAZ 214 First-Year Double CAZ 217 
CAZ 219 
CAZ 220 
CAZ 221 
CAZ 222 
CAZ 223 CAZ 224 
CAZ 226 
CAZ 227 
CAZ 307 
CAZ 309 
CAZ 310 
CAZ 311 
CAZ 312 
CAZ 313 
CAZ 314 
CAZ 315 CAZ 316 
CAZ 317 CAZ 319 CAZ 320 
CAZ 321 
CAZ 322 
CAZ 323 
CAZ 324 
CAZ 325 
CAZ 326 CAZ 327 
CAZ 328 
CAZ 329 
CAZ 330 First-Year Double 
First-Year Double 
Upperclass Double 
Upperclass Double 
Single 
Pre-Halled Student Leader Room 
Single Single 
Single 
Pre-Halled Student Leader Room 
Upperclass Double 
Upperclass Double 
Upperclass Double 
Upperclass Double 
Upperclass Double 
Upperclass Double 
Single 
Res Staff 
Single Upperclass Double 
Pre-Halled Student Leader Room 
Single Single Single 
Upperclass Double 
Single 
Pre-Halled Student Leader Room 
Upperclass Double 
Upperclass Double 
Single 
Single Single 
Single 
Single 
Single CAZ 333 CAZ 334 
CAZ 335 CAZ 336 
CAZ 337 
CAZ 338 
CAZ 400 
CAZ 401 
CAZ 402 
CAZ 403 
CAZ 404 
CAZ 405 
CAZ 407 CAZ 409 
CAZ 410 
CAZ 411 
CAZ 412 CAZ 413 
CAZ 414 
CAZ 415 
CAZ 416 
CAZ 417 
CAZ 419 
CAZ 420 
CAZ 421 
CAZ 422 
CAZ 423 
CAZ 425 
CAZ 426 
CAZ 427 CAZ 428 
CAZ 429 Single Upperclass Double 
Single Single 
Upperclass Double 
Upperclass Double 
Pre-Halled Student Leader Room 
Single 
House President Room 
Single 
Single 
Single 
Single 
Single 
Single First-Year Double 
Upperclass Double 
First-Year Double 
Single Single 
Res Staff 
Single 
First-Year Double 
First-Year Double 
Single 
Upperclass Double 
First-Year Double 
Single 
First-Year Double 
Single 
Upperclass Double 
Single Single 
Single 	  
	 	 	
	 		
	 		
	 		
	 		
	 		
 
 
	 		
	 		
	 		
	 		
	 		
	 		
	 		
	 		
	 	 	
	 		
	 	 	
	 	 	
	 		
	 	 	
	 	 	
	 		
	 		
	 		
	 		
	 	 	
	 		
	 		
	 		
	 		
	 	 		 	 	
	 		
	 		
	 		
	 	 	
	 	 	
	 		
	 		
	 	 	
	 	 	
	 		
	 		
	 		
	 		
	 	 	
	 		
	 		
	 		
	 		
	 	 	
	 		
	 		
     
	 		
	 	 	
	 	 	
	 		
	 		
	 	 	
	 		
	 		
	 	 	
	 		
	 		
	 	 	
	 	 		 	 	
	 		
	 		
	 		
	 		
	 		
	 		
	 	 	
	 		
	 		
	 		
	 	 	
	 	 	
	 		
	 		
	 		
	 	 	
	 		
	 		
	 		
	 		
	 	 	
	 		
	 		
	 		
	 		
	 		
	 		
	 		
     
	 		
	 	 	
	 	 	
	 		
	 	 	
	 		CAZ 430 Single MUN 137 Res Staff MUN 231 First-Year Double 
CAZ 432 Upperclass Double MUN 139 Single MUN 231A Single 
CAZ 500 Single MUN 141 Single MUN 232 Single 
CAZ 501 Single MUN 143 Single MUN 233 Single 
CAZ 502 Single MUN 145 Upperclass Double MUN 234 Single 
CAZ 503 Single MUN 146 Upperclass Double MUN 235 Single 
CAZ 504 Single MUN 147 Single MUN 236 Single 
MUN 201 Single MUN 237 Res Staff 
MUN 202 First-Year Double MUN 239 Single MUN 203 Upperclass Double MUN 241 Single 
MUN 205 Single MUN 243 Single MUN 034 Single 
MUN 207 Single MUN 245 First-Year Double MUN 036 Single 
MUN 209 Single MUN 246 First-Year Double MUN 037 Single 
MUN 210 Single MUN 247 Single MUN 038 Single 
MUN 211 Res Staff MUN 301 Single MUN 043 Single 
MUN 212 Single MUN 302 Single MUN 044 Single 
MUN 213 Single MUN 303 Upperclass Double MUN 045 Single 
MUN 214 Single MUN 305 Single MUN 046 Single 
MUN 215 Single MUN 307 Single MUN 047 Triple 
MUN 216 First-Year Double MUN 309 Single MUN 101 Single 
MUN 217 Single MUN 310 Single MUN 102 First-Year Double 
MUN 218 Single MUN 311 Res Staff MUN 103 First-Year Double 
Pre-Halled Student Leader Room MUN 312 Single MUN 105 Single MUN 219 Single MUN 313 Single MUN 107 First-Year Double MUN 221 First-Year Double MUN 314 Single MUN 109 Res Staff MUN 223 Upperclass Double MUN 315 Single MUN 111 Single MUN 224 Single MUN 316 Single MUN 113 Single MUN 224A Single MUN 317 Single MUN 114 Single MUN 225 Upperclass Double MUN 318 Single MUN 115 Single MUN 226 Single Pre-Halled Student Leader Room MUN 116 First-Year Double MUN 226A Single MUN 319 SingleMUN 117 Single MUN 227 Upperclass Double MUN 321 First-Year Double MUN 118 Single MUN 228 Single MUN 323 First-Year Double MUN 133 Single MUN 228A Single MUN 324 SingleMUN 135 Single MUN 229 First-Year Double MUN 325 First-Year Double MUN 136 Upperclass Double MUN 230 Suite for 4 with Bathroom MUN 326 Single   		
	 	 	
	 		
	 		
	 	 	
	 	 	
	 	 	
	 		
	 		
	 		
	 		
	 		
	 		
	 	 	
	 		
	 		
	 		
	 	 	
	 		
	 		
    
 
 
	 	 	
	 	 	
	 	 	
	 	 	
	 	 	
	 		
     
	 	 	
	 	 	
	 	 	
	 	 	
	 	 		 	 	
	 	 	
	 	 	
	 	 	
	 	 	
	 	 	
	 	 	
	 	 	
	 	 	
	 	 	
	 	 	
	 	 	
	 	 	
	 	 	
	 	 	
	 	 	
	 	 	
	 	 	
	 	 	
	 	 	
	 	 	
	 	 	
	 	 	
	 	 	
	 		
	 		
	 		
	 		
	 		
     
	 		
	 		
     
	 		
	 		
	 		
     	 	 	
     
	 	 	
     
	 	 	
	 	 	
     
	 	 	
	 	 	
      
	 	 	
      
	 	 	
     
	 		
	 	 	
	 		
     
	 		
	 	 	
	 	 	
	 	 	
	 	 	
	 	 	
	 	 	
	 	 	
	 	 	
	 	 	
	 	 	
	 		
      
	 	 	
      
	 		
      
	 		
      
	 		
      
	 		MUN 326A Single POM 111 First-Year Double POM 301 Upperclass Double 
MUN 327 
MUN 328 First-Year Double 
Single POM 112 POM 201 First-Year Double 
Upperclass Double POM 302 Pre-Halled Student Leader Room 
Upperclass Double 
Pre-Halled Student Leader Room MUN 328A 
MUN 329 
MUN 330 Single 
First-Year Double 
Suite for 4 with Bathroom POM 202 
POM 203 
POM 204 Upperclass Double 
Upperclass Double 
Upperclass Double POM 303 POM 304 Upperclass Double Upperclass Double 
Pre-Halled Student Leader Room 
MUN 331 First-Year Double POM 205 Upperclass Double POM 305 Upperclass Double 
MUN 331A Single POM 206 Upperclass Double POM 306 First-Year Double 
MUN 332 
MUN 333 
MUN 334 
MUN 335 
MUN 336 Single 
Single 
Single 
Single 
Single POM 207 
POM 208 
POM 209 
POM 210 
POM 211 Upperclass Double 
First-Year Double 
First-Year Double 
Res Staff 
First-Year Double POM 307 
POM 308 
POM 309 Pre-Halled Language Learning Community 
Upperclass Double 
Pre-Halled Language Learning Community 
Upperclass Double 
Pre-Halled Student Leader Room 
Single 
MUN 337 Res Staff POM 212 First-Year Double POM 310 Res Staff 
MUN 339 Single 
MUN 341 Single 
MUN 343 Single 
MUN 345 Upperclass Double 
MUN 346 Single 
MUN 347 Single 
House President Room 
 
POM 101 First-Year Double 
POM 102 First-Year Double 
POM 103 Res Staff 
POM 104 First-Year Double 
POM 105 First-Year Double 
POM 105A Single 
Pre-Halled Student Leader Room 
POM 106 First-Year Double 
POM 107 First-Year Double POM 213 
POM 214 
POM 215 POM 216 
POM 217 
POM 218 
POM 219 
POM 220 
POM 221 
POM 222 POM 223 
POM 227 
POM 228 
POM 229 
POM 230 
POM 231 
POM 232 First-Year Double 
First-Year Double 
First-Year Double 
First-Year Double 
First-Year Double 
First-Year Double 
First-Year Double 
First-Year Double 
First-Year Double 
First-Year Double 
Single 
Single 
Single 
Single 
Single 
Pre-Halled Student Leader Room 
Single 
Single 
Pre-Halled Student Leader Room POM 311 
POM 311A 
POM 312 POM 313 
POM 314 
POM 315 
POM 316 
POM 317 
POM 318 
POM 319 POM 320 
POM 321 
POM 322 
POM 323 
POM 324 POM 325 Single 
Pre-Halled Student Leader Room 
Single 
Upperclass Double 
Upperclass Double 
First-Year Double 
First-Year Double 
First-Year Double 
First-Year Double 
First-Year Double 
First-Year Double 
First-Year Double 
First-Year Double 
Single 
Pre-Halled Language Learning Community 
Upperclass Double 
Pre-Halled Language Learning Community 
Single 
Pre-Halled Language Learning Community 
Single 
POM 108 POM 109 
POM 110 First-Year Double 
First-Year Double 
First-Year Double POM 233 
POM 234 
POM 235 Single 
Single 
Single 
Pre-Halled Student Leader Room POM 326 
POM 327 Pre-Halled Language Learning Community 
Single 
Pre-Halled Language Learning Community 
Single  
	 		
      
	 		
      
	 	 	
	 		
	 		
	 		
	 		
	 	 	
	 		
	 	 	
	 		
	 		
	 		
	 		
	 		
	 		
	 		
	 		
	 		
	 		
	 		
	 		
	 		
	 		
	 		
	 		
	 		
    
	 		
	 		
	 		
	 		
	 		
	 			 		
 
 
	 		
	 		
	 		
	 	 	
	 		
	 		
	 		
	 	 	
	 		
	 	 	
	 		
	 	 	
	 		
	 		
	 		
	 		
     
	 	 	
	 	 	
	 	 	
	 	 	
	 	 	
	 	 	
	 	 	
	 	 	
	 	 	
	 	 	
	 	 	
	 	 	
	 		
      
	 	 		 		
	 	 	
     
	 	 	
	 	 	
	 		
      
	 	 	
	 	 	
     
	 		
      
	 		
      
	 		
      
	 	 	
	 	 	
      
	 		
     
	 	 	
	 	 	
      
	 	 	
	 	 	
      
	 		
      
	 		
      
	 		
      
	 		
    
	 		
      
	 		
      
	 		
      
	 		Pre-Halled Language Learning Community POM 505 Single SHA 205 SinglePOM 328 Single SHA 206 Upperclass DoublePre-Halled Language Learning Community Pre-Halled Student Leader Room POM 329 Single SHA 207 Upperclass DoublePre-Halled Language Learning Community SHA 208 Upperclass DoublePOM 401 Upperclass Double SHA 001 Single SHA 209 SinglePOM 402 Single SHA 001G Single Pre-Halled Language Learning Community POM 404 Single SHA 002 Single SHA 210 Upperclass DoublePOM 405 Single SHA 002G Upperclass Double SHA 211 Upperclass DoublePOM 406 Single Pre-Halled Student Leader Room SHA 003 Single
POM 407 Upperclass Double SHA 212 SingleSHA 003G Single Pre-Halled Language Learning Community POM 408 Single SHA 004 Single SHA 213 SinglePOM 409 Res Staff SHA 004G Upperclass Double Pre-Halled Language Learning Community POM 410 Single SHA 005 Single SHA 214 Single
POM 411 Single Pre-Halled Language Learning Community SHA 005G Upperclass Double
POM 412 Single SHA 215 First-Year Double SHA 006 Single
POM 413 Single SHA 217 Upperclass DoubleSHA 006G Upperclass Double Pre-Halled Language Learning Community POM 414 Single SHA 007 Single SHA 218 SinglePOM 415 Single SHA 008 Single Pre-Halled Student Leader Room 
POM 416 Single SHA 009 Single SHA 219 First-Year Double 
POM 417 Single SHA 101 Single SHA 220 Upperclass Double
POM 418 Single Pre-Halled Language Learning Community Pre-Halled Student Leader Room 
POM 419 Single SHA 103 First-Year Double SHA 221 First-Year Double 
POM 420 Single SHA 105 First-Year Double SHA 223 Upperclass Double 
Pre-Halled Language Learning Community POM 421 Single SHA 106 Res Staff SHA 224 SinglePOM 422 Single SHA 107 First-Year Double Pre-Halled Language Learning Community 
POM 423 Single SHA 109 First-Year Double SHA 225 Single 
POM 424 Single SHA 110 First-Year Double Pre-Halled Language Learning Community 
POM 425 Single SHA 111 First-Year Double SHA 226 Single 
Pre-Halled Language Learning Community POM 426 Single SHA 112 First-Year Double SHA 227 SingleHouse President Room SHA 113 First-Year Double Pre-Halled Language Learning Community POM 427 Single SHA 115 First-Year Double SHA 228 SinglePOM 428 Single Pre-Halled Language Learning Community SHA 200 Triple 
POM 501 Single SHA 229 SingleSHA 201 Triple Pre-Halled Language Learning Community POM 502 Single SHA 202 Single SHA 230 SinglePOM 503 Single Pre-Halled Language Learning Community Pre-Halled Language Learning Community POM 504 Single SHA 204 Res Staff SHA 231 Single
	 		
      
	 		
	 		
	 		
	 		
	 		
	 	 	
	 		
	 	 	
     
	 	 	
     
	 		
	 		
	 		
	 	 	SHA 233 
SHA 300 
SHA 301 
SHA 302 
SHA 303 
SHA 304 
SHA 306 
SHA 307 
SHA 308 
SHA 309 
SHA 310 
SHA 311 
SHA 312 
SHA 313 Pre-Halled Language Learning Community 
Single 
Pre-Halled Language Learning Community 
Single 
Single 
Single 
Single 
Single 
Res Staff Single 
Upperclass Double 
Pre-Halled Student Leader Room 
First-Year Double 
Pre-Halled Student Leader Room 
Single 
Single 
Single 
Upperclass Double  	
	 	 	
	 		
	 	 	
	 	 	
	 	 	
	 		
     
	 	 	
	 	 	
     
	 		
    
	 		
	 			 		
	 		
	 	 	
	 		
	 		
	 		
	 		
	 		
	 		
	 		
	 		
	 		
	 		
	 			 		
	 		
	 		
	 		
	 		
	 		
	 		
	 		
	 		
	 		
	 		
	 	 	
 SHA 315 Single SHA 403 Single SHA 419 Single 
SHA 316 Upperclass Double SHA 404 Single SHA 420 Single 
SHA 317 Single SHA 406 Res Staff SHA 421 Single 
SHA 319 First-Year Double SHA 407 Single SHA 422 Single 
SHA 320 First-Year Double SHA 408 Single SHA 423 Single 
SHA 321 First-Year Double SHA 409 Single SHA 425 Single 
SHA 322 Single SHA 410 Single SHA 500 Single 
Pre-Halled Student Leader Room SHA 411 Single SHA 501 SingleSHA 323 First-Year Double SHA 412 Single SHA 502 SingleSHA 325 Upperclass Double SHA 413 Single SHA 503 SinglePre-Halled Student Leader Room SHA 414 Single SHA 504 SingleSHA 400 Single 
House President Room SHA 415 Single SHA RDAPT 4-Person Apartment 
SHA 401 Single SHA 416 Single 
SHA 402 Single SHA 417 Single 
 
 

	 	 	
	 	 	
	 		
		 		
	 		
	 			 	 	
	 			 		
	 	 	
	 			 	 	
	 	 	
	 	 	
	 	 	
	 	 	
	 		
	 		
	 		
	 		
	 		
	 			 		
	 		
	 		
	 		
	 		
	 		
	 			 		
	 	 	
     
	 		
 	 		
     
	 	 	
	 	 	
	 	 	
	 	 	
	 	 	
	 		
	 			 		
	 		
	 		
	 		
	 		
	 		
	 		
	 		
	 			 	 	
	 			 		
	 	 	
	 			 		
	 			 		
	 		
	 		
    
	 			 	 	
	 		
	 		
	 	 	
	 	 	
	 	 		 		
     
	 	 	
	 			 		
	 		
	 		
     
	 		
	 			 		
	 	 	
	 			 		
	 		
     
	 			 			 	 	
	 		
     
	 		
     
	 			 	 	
	 	 	
	 	 	
	 	 	
	 		
     
	 	 	
	 			 	 	
	 		
     
	 	 	
	 	 	
	 	 	CLA 202 Single CLA 308 Single 
Pre-Halled Student Leader Room Pre-Halled Student Leader Room  CLA 203 2 Room Double CLA 309 First-Year Double CLA 001 Suite for 2 with Bathroom CLA 204 2 Room Double CLA 310 SingleCLA 002 Suite for 2 with Bathroom CLA 205 2 Room Double CLA 311 SingleCLA 003 Single CLA 206 2 Room Double CLA 312 SingleCLA G-Suite Suite for 5 with Bathroom CLA 207 Triple CLA 313 SingleCLA 004 Single Pre-Halled Student Leader Room CLA 208 SingleCLA 005 Single CLA 314 SingleCLA 209 SingleCLA 022 2 Room Triple CLA 315 SingleCLA 210 SingleCLA 024 Single CLA 316 SingleCLA 211 SingleCLA 025 Single CLA 317 Res Staff CLA 212 SingleCLA 101 Res Staff CLA 318 SingleCLA 213 SingleCLA 102 Single CLA 319 SingleCLA 214 SingleCLA 103 2 Room Double CLA 320 SingleCLA 215 Single Pre-Halled Student Leader Room CLA 104 2 Room Double CLA 216 Single CLA 321 SingleCLA 105 2 Room Double CLA 217 Single CLA 323 SingleCLA 106 2 Room Double CLA 218 Single CLA 324 2 Room Triple CLA 107 Triple CLA 219 Res Staff CLA 325 SingleCLA 108 Single CLA 220 Single Pre-Halled Student Leader Room CLA 109 Single CLA 221 Single CLA 327 Single
CLA 110 Single Pre-Halled Student Leader Room CLA 222 Suite for 4 with BathroomCLA 111 Single CLA 329 SingleCLA 223 SingleCLA 112 Single CLA 401 2 Room Double CLA 224 SingleCLA 113 Single CLA 402 2 Room Double CLA 225 SingleCLA 114 Single CLA 405 2 Room Double CLA 226 SingleCLA 115 Single CLA 406 2 Room Double CLA 227 SingleCLA 116 Single CLA 407 SingleCLA 228 Single Pre-Halled Student Leader Room CLA 117 Single House President Room CLA 408 First-Year Double CLA 118 Single CLA 229 Single CLA 409 SingleCLA 119 Single CLA 231 2 Room Triple CLA 410 First-Year Double CLA 120 Single CLA 301 Single CLA 411 SingleCLA 121 Single CLA 302 Single Pre-Halled Student Leader Room 
CLA 122 Upperclass Double CLA 303 First-Year Double CLA 412 First-Year Double 
Pre-Halled Student Leader Room CLA 306 First-Year Double CLA 414 First-Year Double CLA 201 Single CLA 307 First-Year Triple CLA 416 First-Year Double 	 	 	
	  
	 	 	
	 		
	 		
	 		
	 		
 
 
	 		
	 		
	 		
	 		
	 		
	 		
	 		
	 	 	
	 		
	 		
	 		
	 		
	 		
	 		
	 		
	 		
	 		
	 		
	 		
	 		
	 		
	 		
	 		
	 		
    
	 			 		
	 		
	 		
	 		
	 		
	 		
	 		
	 		
	 		
	 		
	 		
	 		
	 		
	 		
	 		
	 		
	 		
	 		
	 		
	 		
	 		
	 		
     
	 		
	 	 	
	 	 	
	 	 	
	 	 	
	 	 	
	 	 	
	 	 	
	 	 	
	 	 	
	 	 	
   
	 		
	 		
	 		
	 		
	 	
	 	 	
	 	 	
	 	 	
	 		
	 		
	 		
	 	 	
	 	 	
	 	 	
	 	 	
	 	 	
	 	 	
	 	 	
	 	 	
	 	 	
	 	 	
	 	 	
	 	 	
	 		
	 	 	
	 	 	
	 	 	
	 		
	 	 	
	 		
	 	 	
	 		
	 		
     CLA 418 First-Year Double LAK 203 Single 
CLA 420 First-Year Double LAK 204 Single  
CLA 424 Res Staff LAK 205 Single SEV 001 Single
CLA 427 Single LAK 206 Single SEV 003 Single
CLA 501 Single LAK 207 Single SEV 005 Single
CLA 502 Single LAK 208 Single SEV 006 Single
CLA 503 Single LAK 209 Single SEV 007 Single
LAK 210 Single SEV 008 Triple 
LAK 211 Single SEV 009 Upperclass Double
LAK 213 Single SEV 010 Upperclass Double
LAK 215 Single LAK 101 Single SEV 012 Single
LAK 217 Single LAK 102 Single SEV 014 Single
LAK 219 Single LAK 103 Single SEV 016 Single
LAK 221 Single LAK 104 Single SEV 019 Upperclass Double
LAK 222 Single LAK 105 Single SEV 027 Res Staff 
LAK 223 Single LAK 106 Single SEV 029 Upperclass Double
LAK 224 Single LAK 107 Single SEV 031 Upperclass Double
LAK 225 Single LAK 108 Upperclass Double SEV 033 Triple 
LAK 226 Single LAK 109 Single SEV 034 Upperclass Double
LAK 227 Single LAK 111 Single SEV 036 Upperclass Double
LAK 228 Single LAK 113 Single SEV 038 Upperclass Double
LAK 229 Single LAK 115 Single SEV 040 Upperclass Double
Pre-Halled Student Leader Room LAK 117 Single SEV 041 Upperclass DoubleLAK 230 SingleLAK 119 Single SEV 042 Upperclass DoubleLAK 301 First-Year Double LAK 121 Single SEV 101 Upperclass DoubleLAK 302 First-Year Double LAK 123 Single SEV 103 SingleLAK 303 First-Year Double LAK 124 Single SEV 104 Upperclass DoubleLAK 304 First-Year Double LAK 125 Single SEV 112 First-Year Triple LAK 305 First-Year Double LAK 126 Single SEV 114 First-Year Triple LAK 307 First-Year Double LAK 127 Single SEV 115 SingleLAK 308 First-Year Double LAK 128 Single SEV 116 First-Year Double LAK 309 First-Year Double LAK 129 Single SEV 117 SingleLAK 310 First-Year Double LAK 130 Single SEV 118 First-Year Double LAK 311 First-Year Double LAK 201 Single SEV 119 Single 
House President Room SEV 120 SingleLAK 202 Single Pre-Halled Student Leader Room 	
     
	 		
	  
	 		
	 		
	 	 	
	 		
	 		
	 		
	 		
	 	 	
	 		
     
	 		
	 	 	
      
	 		
      
	 		
      
	 		
      
	 		
      
	 		
      
	 		
      
	 		
      
	 	 	
	 	 	
	 		
	 	 	
	 	 	
	 	 	
	 	 	
	 	 		 	 	
	 	 	
	 		
	 	 	
	 		
     
	 	 	
	 		
	 		
	 		
	 		
	 		
	 	 	
	 		
	 		
	 	 	
	 		
     
	 		
	 		
	 		
	 	 	
	 		
	 	 	
	 	 	
	 	 	
	 	 	
	 		
	 	 	
	 	 	
	 	 	
	 	 	
	 	 	
	 	 	
	 		
	 	 		 	 	
	 	 	
	 		
     
	 		
    
	 	 	
 
 
	 		
    
	 	 	
	 	 	
	 	 	
	 		
	 		
	 		
	 		
	 	 	
	 		
	 		
	 		
	 		
	 		
	 		
	 		
	 	 	
	 	 	
	 	 	
	 		
	 		
	 		
	 		
	 	 	
	 		SEV 121	 Single SEV 213 Upperclass Double SEV 324 First-Year Double 
Pre-Halled Student Leader Room SEV 214	 First-Year Triple SEV 327 Upperclass DoubleSEV 122	 Single SEV 215 Single SEV 329 SingleSEV 123 Single Pre-Halled Student Leader Room SEV 216	 First-Year Double SEV 125	 Single SEV 331 SingleSEV 217	 Single House President Room SEV 126	 Single Pre-Halled Student Leader Room SEV 332	 Suite for 2 with BathroomSEV 127 First-Year Triple SEV 218 Upperclass Double 
SEV 128 Single SEV 219 Single 
SEV 129 Single SEV 220 Single  SEV 130 Single SEV 221 Single 
SEV 131 Single SEV 222 Single TCE 101 Single 
Pre-Halled Student Leader SEV 132	 Suite for 2 with Bathroom SEV 223 Single TCE 102	 Upperclass DoubleSEV 133	 Single SEV 224 Res Staff TCE 103	 Upperclass DoublePre-Halled Student Leader Room SEV 225	 SingleSEV 134	 Single TCE 104 Upperclass DoubleSEV 226	 SingleSEV 135	 Upperclass Double TCE 106 SingleSEV 227 Upperclass DoublePre-Halled Language Learning Community TCE 107 SingleSEV 228 SingleSEV 136	 Single TCE 108	 SinglePre-Halled Student Leader Room Pre-Halled Language Learning Community 
SEV 229	 Single TCE 109 SingleSEV 137	 Single 
Pre-Halled Language Learning Community SEV 230 Single TCE 110 Res Staff 
SEV 138	 Single SEV 231 Single TCE 111 Single 
Pre-Halled Language Learning Community SEV 232	 Suite for 2 with Bathroom TCE 112 Single
SEV 139	 Single SEV 233	 Single TCE 113 SinglePre-Halled Language Learning Community 
SEV 234	 Quad TCE 114 SingleSEV 140	 Single 
Pre-Halled Language Learning Community SEV 238 First-Year Double TCE 115 Single 
SEV 141	 Single SEV 240 First-Year Double TCE 116 Single 
Pre-Halled Language Learning Community SEV 241	 Upperclass Double TCE 201 SingleSEV 142	 Single SEV 242	 Single TCE 202 First-Year Double Pre-Halled Language Learning Community 
SEV 201 Upperclass Double SEV 310 Upperclass Double	 TCE 203 First-Year Double 
TCE 204 First-Year Double SEV 202	 Upperclass Double SEV 311 Upperclass Double 
SEV 207 Single SEV 312 Triple TCE 205 Single 
SEV 208 Res Staff SEV 313 First-Year Triple TCE 206 Single 
SEV 209 Upperclass Double SEV 314 Triple TCE 207 Single 
SEV 210 Upperclass Double SEV 316 Res Staff TCE 208 Single 
TCE 209	 Res Staff SEV 211 Upperclass Double SEV 318 Single 
SEV 212 First-Year Triple SEV 320 First-Year Triple TCE 210 Single 	 		
	 		
	 		
	 		
	 		
	 		
	 	 	
	 	 	
	  
	 	 	
	 	 	
	 		
	 	 	
	 	 	
	 	 	
	 		
	 		
	 		
	 		
	 		
	 		
	 		
	 		
	 		
	 		
	 		
     
	 		
     
	 	 	
	 	 	
	 		
	 	 	
	 	 	
	 	 	
	 	 		 	 	
     
	 		
	 	 	
     
	 		
	 		
	 		
	 		
	 		
	 		
	 		
	 		
	 		
	 		
	 		
	 		
	 		
	 		
	 		
	 		
	 		
	 	 	
	 	 	
	 	 	
	 	 	
	 	 	
	 	 	
	 	 	
	 	 	
	 		
	 		
	 		
	 		
	 	 	
	 	 		 		
	 		
	 	 	
	 		
	 	 	
	 		
	 		
	 		
	 	 	
     
	 		
	 		
				 	 	
	 		
    
	 		
	 		
	 	 	
	 		
	 	 	
	 	 	
	 		
	 		
	 	 	
	 		
	 		
	 	 	
	 	 	
	 	 	
	 		
    
	 	 	
	 	 	
	 		
	 	 	
	 	 	
	 		TCE 211 Single TCE 325 Suite for 2 with Bathroom TCE 515 Single 
Pre-Halled Student Leader Room TCE 212 Single TCE 517 SingleTCE 326 SingleTCE 213 Single TCE 519 Res Staff TCE 327 Suite for 3 with BathroomTCE 214 Single TCE 520 SinglePre-Halled Student Leader Room 
TCE 215 Single TCE 521 Upperclass DoubleTCE 328 Single
TCE 216 Single TCE 522 SingleTCE 401 Single
TCE 217 First-Year Double TCE 523 SingleTCE 402 Single
TCE 218 First-Year Double TCE 524 SingleTCE 403 Single
TCE 219 Single TCE 525 Triple TCE 404 Single Pre-Halled Student Leader Room TCE 221 Suite for 2 with Bathroom TCE 405 Single TCE 526 SingleTCE 223 Suite for 2 with Bathroom TCE 406 Single TCE 528 SingleTCE 301 Single TCE 407 Single TCE RDAPT 4-Person Apartment TCE 302 First-Year Double TCE 408 Single TCW 118 SingleTCE 303 First-Year Double TCE 409 Single House President Room TCE 304 First-Year Double TCE 410 Single TCW 140 Single
TCE 305 Single TCE 411 Single TCW 141 Single
TCE 306 Single TCE 412 Single TCW 142 First-Year Double 
TCE 307 Single TCE 413 Single TCW 143 Single
TCE 308 Single TCE 414 Single TCW 144 First-Year Double 
TCE 309 Single TCE 415 Single TCW 145 First-Year Double 
TCE 310 Single TCE 416 Single TCW 146 Single
TCE 311 Single TCE 417 Res Staff TCW 147 Single
TCE 312 Single TCE 418 Upperclass Double TCW 148 Res Staff 
TCE 313 Single TCE 419 Upperclass Double TCW 149 Single
TCE 314 Single TCE 420 Triple TCW 150 Single
TCE 315 Single TCE 421 Suite for 2 with Bathroom TCW 152 First-Year Double Pre-Halled Student Leader Room TCE 422 Upperclass Double TCW 153 First-Year Double TCE 316 Single 
Pre-Halled Student Leader Room TCE 423 Suite for 2 with Bathroom TCW 154 First-Year Double 
TCE 317 Res Staff TCE 424 Upperclass Double TCW 155 Single 
Pre-Halled Student Leader TCE 318 First-Year Double TCE 425 Single TCW 234 First-Year Triple TCE 319 Single TCE 426 Single TCW 236 Quad with Bathroom TCE 320 First-Year Triple TCE 427 Single TCW 237 SingleTCE 321 Suite for 2 with Bathroom TCE 428 Single TCW 238 First-Year Double TCE 322 First-Year Double TCE 507 Upperclass Double TCW 239 First-Year Double TCE 323 Suite for 2 with Bathroom TCE 508 Triple TCW 240 Single 
	 		
	 		
	 		
	 		
	 	
	 		
	 		
	 		
	 		
	 	 	
	 		
    
	 	 	
	 		
     
	 		
	 	 	
	 		
	 	 	
	 		
	 	 	
	 	 	
	 	 	
	 	 	
	 	 	
	 	 	
	 	 	
	 	 	
	 		
    
	 		
	 		
	 			 		
	 		
	 		
	 		
	 		
	 		
	 		
	 	 	
	 	 	
	 	 	
	 		
	 		
	 		
	 	 	
	 		
	 	 	
     
	 	 	
	 	 	
	 	 	
	 	 	
	 	 	
	 	 	
	 		
	 		
	 		
	 		
	 		
	 	 	
      
	 		
      
	 		
      	 		
      
	 		
      
	 		
      
	 		
      
	 	 	
      
	 		
      
	 	 	
    
	 		
	 		
	 	 		 		
    
	 	 	
	 	 	
	 	 	
	 		
	 		
	 		
	 		
	 		
	 	 		 	 	
	 	 		 		
	 		
	 		
	 	 		
 TCW 241 Res Staff 
TCW 242 Single 
TCW 243 Single 
TCW 244 Single 
TCW 245 Single 
TCW 246 Single 
TCW 248 Single 
TCW 249 Single 
TCW 250 Single 
TCW 251 Single 
TCW 252 Upperclass Double 
TCW 253 Single 
Pre-Halled Student Leader 
TCW 254 Upperclass Double 
TCW 255 Single 
Pre-Halled Student Leader Room 
TCW 257 Single 
TCW 329 Suite for 3 with Bathroom 
TCW 330 Single 
TCW 331 Suite for 3 with Bathroom 
TCW 332 Single 
TCW 333 First-Year Double 
TCW 334 First-Year Triple 
TCW 335 Suite for 2 with Bathroom 
TCW 336 Suite for 2 with Bathroom 
TCW 337 First-Year Double 
TCW 338 First-Year Double 
TCW 339 Res Staff 
TCW 340 First-Year Double 
TCW 341 Single 
Pre-Halled Student Leader 
TCW 342 Single 
TCW 343 Single 
TCW 344 Single TCW 345 
TCW 346 
TCW 347 
TCW 348 
TCW 349 
TCW 350 
TCW 351 
TCW 352 TCW 353 
TCW 354 
TCW 355 
TCW 429 
TCW 430 
TCW 431 TCW 432 
TCW 433 
TCW 434 TCW 435 
TCW 436 
TCW 437 
TCW 438 
TCW 439 
TCW 440 
TCW 441 
TCW 442 
TCW 443 
TCW 444 
TCW 445 
TCW 446 
TCW 447 Single 
Single 
Single 
Single 
Single 
Single 
Single 
First-Year Double 
First-Year Double 
First-Year Double 
Single 
Single 
Single 
Upperclass Double 
Single 
Upperclass Double 
Pre-Halled Student Leader Room 
Triple Suite for 2 with Bathroom 
Suite for 2 with Bathroom 
Upperclass Double 
Upperclass Double 
Res Staff 
Single 
Single 
Single 
Single 
Single 
Upperclass Double 
Pre-Halled Language Learning Community 
Single 
Pre-Halled Language Learning Community 
Single 
Pre-Halled Language Learning Community TCW 448 
TCW 449 
TCW 450 
TCW 451 
TCW 452 
TCW 453 
TCW 454 
TCW 455 
TCW 530 
TCW 531 
TCW 532 
TCW 535 
TCW 536 
TCW 537 
TCW 538 
TCW 539 
TCW 540 
TCW 541 
TCW 542 
TCW 553 
TCW 555 
TCW 625 
TCW 626 
TCW 628 
TCW 630 
TCW 631 TCW 632 Single 
Pre-Halled Language Learning Community 
Single 
Pre-Halled Language Learning Community 
Single 
Pre-Halled Language Learning Community 
Single 
Pre-Halled Language Learning Community 
Upperclass Double 
Pre-Halled Language Learning Community 
Single 
Pre-Halled Language Learning Community 
Upperclass Double 
Pre-Halled Student Leader 
Single 
Single 
Triple Single 
House President Room 
Upperclass Double 
Upperclass Double 
Res Staff 
Single 
Single 
Single 
Single 
Single 
Triple 
Upperclass Double 
Triple 
Single 
Single 
Single 
Triple Single  